GoldenEye (1995),GoldenEye Movie,"Album - Dr Dre/2001
Movie - Inception 
Game - Goldeneye
Footballer - Scholes https://t.co/uSQYJh8NB6",en,album - dr dre/2001movie - inception game - goldeneyefootballer - scholes
GoldenEye (1995),GoldenEye Movie,The next James Bond would have played Goldeneye on the N64 with his pals as a kid but he wonâ€™t make a 007 movie better than Goldeneye because itâ€™s basically a perfect movie and we should just have stopped making these after it. https://t.co/NkCe5P908B,en,next james bond would played goldeneye n64 pals kid wont make 007 movie better goldeneye basically perfect movie stopped making .
Four Rooms (1995),Four Rooms,We make planning your #events with us easy and seamless. We are minutes from the General Mitchell International Airport and offer a #freeshuttle service to and from the #airport. Your company can save money on #grouprates when you book a block of rooms. https://t.co/0PLq84ACox https://t.co/24BtCENBT7,en,make planning us easy seamless . minutes general mitchell international airport offer service company save money book block rooms .
Four Rooms (1995),Four Rooms,RT @TreyDav59934961: Having three or four person lockable unisex bathrooms and shower rooms Where minors and or Adults shower and or go toâ€¦,en,three four person lockable unisex bathrooms shower rooms minors adults shower go toâ€¦
Get Shorty (1995),Get Shorty,unblocked shorty on snap a day ago and she tryna follow me on ig get away from me demon ðŸ˜­ðŸ˜­,en,unblocked shorty snap day ago tryna follow ig get away demon ðŸ˜­ðŸ˜­
Get Shorty (1995),Get Shorty,"Get Shorty 
https://t.co/gmBZ15QjXZ

Sign up now and get 10 free iAstraCoins No Credit Card Needed

mobile users go to https://t.co/PNmUXIeEpO for advertising free viewing
#FeatureMovie",en,get shorty
Copycat (1995),Copycat Movie,"@1ndiyah Which movie are u recommending for us @1ndiyah 
@Dami__Hope  already recommended The Copycat Killer.
Give me another one.",en,movie u recommending us already recommended copycat killer.give another one .
Copycat (1995),Copycat Movie,"@street_trashed and what horror movie will you be watching? I reckon one of From Hell, Copycat or Omen 2",en,horror movie watching reckon one hell copycat omen 2
